{"type": "block", "layer": 1, "block": 1, "features": [{"geom": {"pts": [[-0.006283299474624471, -0.0007587207945958241, 0.0]], "r": 0.000252, "h": 0.000247}, "mtl": 0}, {"geom": {"pts": [[-0.007151850353963596, -0.00105805628582889, 0.0]], "r": 0.000252, "h": 0.000247}, "mtl": 0}, {"geom": {"pts": [[0.0011106758365357905, 0.004820327022266202, 0.0]], "r": 0.000252, "h": 0.000247}, "mtl": 0}, {"geom": {"pts": [[0.0008525640010361712, 0.00508869851861915, 0.0]], "r": 0.000252, "h": 0.000247}, "mtl": 0}], "featureCount": 4, "startIndex": 50}