{"type": "block", "layer": 2, "block": 0, "features": [{"geom": {"lines": [[[-0.010437560996969353, -0.002995458351516822, 0.0], [-0.009342424144549, -0.0023418463747197915, 0.0], [-0.00835656443909727, -0.0017194645254599017, 0.0], [-0.007301624082529656, -0.0012699952811778825, 0.0], [-0.005548987391918558, -0.0007267489536408878, 0.0], [-0.0048686421078159015, -0.0006383176773707699, 0.0], [-0.0038900738569864757, -0.0002825378270208123, 0.0], [-0.0029281451784157753, 0.00022696825146106825, 0.0], [-0.0023970529278969366, 0.0006624802283292652, 0.0], [-0.001686826719563328, 0.0009564837540740889, 0.0], [-0.000985516015944654, 0.0010109341303010666, 0.0], [2.672710280648971e-05, 0.001024894164205259, 0.0], [0.0008274803335837078, 0.0011203966802231236, 0.0], [0.0014814343425868515, 0.0014430745403810619, 0.0], [0.0025005391746972805, 0.0023380312391731994, 0.0], [0.0029374092584006917, 0.0026461643304802607, 0.0], [0.003611973378802702, 0.0028371146614571963, 0.0], [0.004500243661574643, 0.0028791295779451165, 0.0], [0.0056763713842471475, 0.0029701724009951747, 0.0], [0.006553789126385823, 0.0032026239184981264, 0.0], [0.007052406844167081, 0.0035498737793431268, 0.0], [0.007690742752096469, 0.004203993689441132, 0.0], [0.008812689294863674, 0.004712144437340138, 0.0], [0.009972709406930846, 0.004684003350988064, 0.0], [0.01153804639847067, 0.004423855920555164, 0.0], [0.012367162437961099, 0.004178031512317881, NaN]]], "r": 0.000247}, "mtl": 0}, {"geom": {"lines": [[[0.0030099650547370516, 0.002663125020787138, 0.0], [0.002759951124836846, 0.002615035820841216, 0.0], [0.0024625710897936415, 0.0026128842424850696, 0.0], [0.002048470459676821, 0.002838516154026083, 0.0], [0.001768805397020401, 0.003346319977395096, 0.0], [0.0015334918088569793, 0.003930361693467166, 0.0], [0.0015217068517117127, 0.00395382227500618, 0.0], [0.0013790525900745365, 0.004518595359416233, 0.0], [0.0013788299409966953, 0.00457762279991325, 0.0], [0.0012595360446567838, 0.0050154631761212265, 0.0], [0.0012477417973144611, 0.005027270439603271, 0.0], [0.0008472575802471738, 0.005321815639560246, 0.0], [0.000823740343037116, 0.005333539723893166, 0.0], [0.00047249177513464247, 0.00548412183303526, 0.0], [1.4932412334189848e-05, 0.005776851139733141, 0.0], [-0.0002515040527839574, 0.0061735722355080735, 0.0], [-0.0005161761106933227, 0.006474263688491133, 0.0], [-0.001015540331138709, 0.006666367064567247, 0.0], [-0.0016251345844793263, 0.006790205466120192, 0.0], [-0.0021323128753962806, 0.006963817860483168, 0.0], [-0.002584490594664146, 0.007282801757083179, 0.0], [-0.003209190880468782, 0.00799346809165713, 0.0], [-0.0036214825761931024, 0.008261549637532228, 0.0], [-0.004033067281838498, 0.008420669985763185, 0.0]]], "r": 0.000247}, "mtl": 0}, {"geom": {"lines": [[[0.0001533593652212062, 0.0010374857634092294, 0.0], [8.46303110080271e-06, 0.0010281677575441073, 0.0], [-0.00027254137595633665, 0.001063954304463266, 0.0], [-0.0005736579159787425, 0.001203984140424108, 0.0], [-0.0008031026303640942, 0.001329901074458073, 0.0], [-0.001063057477196594, 0.0015172063878341469, 0.0], [-0.0013068827597990662, 0.001837670917767209, 0.0], [-0.001455657753545836, 0.0021624073517361175, 0.0], [-0.0016122304123626918, 0.0025387429251642057, 0.0], [-0.0017667356761279507, 0.002880358830012142, 0.0], [-0.001992589933898614, 0.00318269355205425, 0.0], [-0.002435550953087784, 0.0035698296615300773, 0.0], [-0.0027087000515280124, 0.0038148946688052465, 0.0], [-0.003050751312024147, 0.004161552149310133, 0.0], [-0.003255387672716381, 0.004705106528542169, 0.0], [-0.0032703000162186413, 0.004747718643563159, 0.0], [-0.0033421250537131186, 0.005282845695359084, 0.0], [-0.0033422143003676297, 0.005290005771045214, 0.0], [-0.003222867961518716, 0.005681366327322079, 0.0], [-0.0030237762798748236, 0.006128564517105195, 0.0], [-0.0028483495659372693, 0.006310967652399135, 0.0], [-0.0026142553579333594, 0.006579694694195171, 0.0], [-0.0025173195598995335, 0.0068271489518931805, 0.0], [-0.0024991133543039723, 0.00712011705399207, 0.0], [-0.0025865019392981026, 0.007286426555734193, 0.0]]], "r": 0.000247}, "mtl": 0}, {"geom": {"lines": [[[-0.0023606954350441356, 0.0006767397685081278, 0.0], [-0.002685037410238067, 0.0005917675145701295, 0.0], [-0.003123018581383974, 0.0005960979847152714, 0.0], [-0.003529790604098082, 0.0007751517101381999, 0.0], [-0.00447454558660354, 0.0012601723994261071, 0.0], [-0.00497021204845538, 0.0014250440096290617, 0.0], [-0.005683198817429513, 0.00161536060071521, 0.0], [-0.006270692151325363, 0.001832288829672235, 0.0], [-0.006572699157885609, 0.002060061536085067, 0.0], [-0.007192352417348502, 0.002273509805918117, 0.0], [-0.007737859317799689, 0.002397384022504223, 0.0], [-0.008248794414008387, 0.0023531312364821755, 0.0], [-0.008674789604455668, 0.002153930683619132, 0.0], [-0.009247310620999372, 0.00204262979894021, 0.0], [-0.009548935883195497, 0.0020910152668611737, 0.0], [-0.010462846192368147, 0.0023590413711762626, 0.0]]], "r": 0.000247}, "mtl": 0}, {"geom": {"lines": [[[-0.0033528157382960444, -1.825387377918375e-06, 0.0], [-0.003485649144067793, -0.0001634923113098541, 0.0], [-0.003544227516819376, -0.0002447511916698897, 0.0], [-0.0036390629245630635, -0.0004513813276179057, 0.0], [-0.003823963813609055, -0.0009107566402128953, 0.0], [-0.0038664680431139686, -0.0012051407221438382, 0.0], [-0.0040077258273782945, -0.0016972984354448606, 0.0], [-0.004300951216563931, -0.002009814599715831, 0.0], [-0.004784240521715333, -0.0024050156432069425, 0.0], [-0.00510071030343795, -0.0027383927469057934, 0.0], [-0.005248510995045308, -0.003135796640512778, 0.0], [-0.005248748683463589, -0.003575609265704882, 0.0], [-0.00512073409546332, -0.004057411656302801, 0.0], [-0.005097240519596369, -0.004496539978444902, 0.0], [-0.0050533083848876, -0.0048931896590438395, 0.0], [-0.0048641090452363756, -0.005206096301580754, 0.0], [-0.004592063508837896, -0.005623462542510893, 0.0], [-0.004320837802893607, -0.0058743027362258005, 0.0], [-0.004070678045692944, -0.006292649194790778, 0.0]]], "r": 0.000247}, "mtl": 0}, {"geom": {"lines": [[[0.0013102261731106069, 0.0013592903525512234, 0.0], [0.0008307563750662439, 0.0011175681009081284, 0.0], [0.00046410826411147355, 0.0008022239912761631, 0.0], [0.00012271086310278179, 0.0003876164211291666, 0.0], [-4.307922171875589e-05, -1.1680177444794992e-05, 0.0], [-4.655054358693178e-05, -0.00043827100745286174, 0.0], [-2.591642664384608e-05, -0.000687880279784947, 0.0], [-3.4095011265833364e-05, -0.0010585187303868704, 0.0], [-0.00015756809412437178, -0.001247825578789774, 0.0], [-0.0003221620842381867, -0.0014617445434368381, 0.0], [-0.0005778489822745314, -0.0017009308146689328, 0.0], [-0.0009004559267893342, -0.002188448012514943, 0.0], [-0.0011314998953082522, -0.002633809073913751, 0.0], [-0.0012079719666857613, -0.002952479892320836, 0.0], [-0.0012985903372282337, -0.0032659121473899155, 0.0], [-0.001463509774673355, -0.003562807359128728, 0.0], [-0.0015460360905379389, -0.0037687047652639194, 0.0], [-0.0015542875015341906, -0.003991267314918945, 0.0], [-0.0015048432150237545, -0.004312575888859804, 0.0], [-0.0014470403543640487, -0.004530478456784781, 0.0], [-0.0012983024652655217, -0.004876940337615876, 0.0], [-0.001116686358884067, -0.005173964590149849, 0.0], [-0.0009763395564732491, -0.005413258800847753, 0.0], [-0.0008689531099932424, -0.005636120713479853, 0.0], [-0.0006378976979490858, -0.005825845718942846, 0.0]]], "r": 0.000247}, "mtl": 0}], "featureCount": 6, "startIndex": 0}