{"type": "block", "layer": 3, "block": 0, "features": [{"geom": {"triangles": {"v": [0.0109415541406932, 0.007089175712956752, 0.0, -0.009364079404228676, 0.0070585389255422015, 0.0, 0.0109873305078807, -0.003900728690729771, 0.0, -0.00936026470696305, -0.0044105868221384625, 0.0], "f": [0, 1, 2, 1, 3, 2]}, "centroids": [[0.0007482309225324002, 0.0014809479909414502, 0.0]]}, "mtl": 0}], "featureCount": 1, "startIndex": 0}